url_path,views_total,views_unique
/tobbie/c-sharp-algorithms,11,4
/tobbie/c-sharp-algorithms/blob/main/README.md,8,1
/tobbie/c-sharp-algorithms/blob/main/SECURITY.md,2,1
/tobbie/c-sharp-algorithms/pulse,2,1
/tobbie/c-sharp-algorithms/tree/main,2,1
/tobbie/c-sharp-algorithms/branches,1,1
/tobbie/c-sharp-algorithms/graphs/traffic,1,1
/tobbie/c-sharp-algorithms/pulse/monthly,1,1
/tobbie/c-sharp-algorithms/tree/github-repo-stats,1,1
/tobbie/c-sharp-algorithms/tree/github-repo-stats/tobbie/c-sharp-algorithms,1,1
